{
    "root_group": {
        "name": "",
        "path": "",
        "id": "d41d8cd98f00b204e9800998ecf8427e",
        "groups": {},
        "checks": {
                "orders list: status 200": {
                    "passes": 3504,
                    "fails": 0,
                    "name": "orders list: status 200",
                    "path": "::orders list: status 200",
                    "id": "1da54776ef9d51afc1cba9f23b6b2add"
                },
                "order detail: status 200": {
                    "path": "::order detail: status 200",
                    "id": "9bd0da17153c0c983f83d5b1f08ff79a",
                    "passes": 3504,
                    "fails": 0,
                    "name": "order detail: status 200"
                },
                "user info: status 200": {
                    "fails": 0,
                    "name": "user info: status 200",
                    "path": "::user info: status 200",
                    "id": "800de1b5608db6b35f5fe8940dca63d6",
                    "passes": 3504
                }
            }
    },
    "metrics": {
        "http_req_duration": {
            "avg": 132.7988894596654,
            "min": 7.511,
            "med": 33.01,
            "max": 17424.934,
            "p(90)": 141.6187,
            "p(95)": 193.36329999999987
        },
        "vus_max": {
            "min": 50,
            "max": 50,
            "value": 50
        },
        "http_req_tls_handshaking": {
            "avg": 0,
            "min": 0,
            "med": 0,
            "max": 0,
            "p(90)": 0,
            "p(95)": 0
        },
        "data_received": {
            "count": 645009312,
            "rate": 3777213.711596129
        },
        "data_sent": {
            "count": 4344960,
            "rate": 25444.34969077891
        },
        "http_req_duration{expected_response:true}": {
            "p(95)": 193.36329999999987,
            "avg": 132.7988894596654,
            "min": 7.511,
            "med": 33.01,
            "max": 17424.934,
            "p(90)": 141.6187
        },
        "http_req_sending": {
            "p(90)": 0.031,
            "p(95)": 0.038,
            "avg": 0.024788146879755942,
            "min": 0.006,
            "med": 0.02,
            "max": 23.647
        },
        "http_req_waiting": {
            "p(95)": 175.29634999999993,
            "avg": 127.63477692161352,
            "min": 7.406,
            "med": 30.8305,
            "max": 17420.107,
            "p(90)": 126.8329
        },
        "checks": {
            "passes": 10512,
            "fails": 0,
            "value": 1
        },
        "http_req_failed": {
            "passes": 0,
            "fails": 10512,
            "value": 0
        },
        "vus": {
            "min": 1,
            "max": 50,
            "value": 5
        },
        "http_req_connecting": {
            "min": 0,
            "med": 0,
            "max": 0.415,
            "p(90)": 0,
            "p(95)": 0,
            "avg": 0.0010534627092846274
        },
        "http_req_receiving": {
            "avg": 5.139324391171991,
            "min": 0.034,
            "med": 1.2495,
            "max": 197.989,
            "p(90)": 13.899399999999998,
            "p(95)": 21.434349999999995
        },
        "iterations": {
            "count": 3504,
            "rate": 20.519636847402346
        },
        "http_req_blocked": {
            "avg": 0.007969368340943877,
            "min": 0.002,
            "med": 0.005,
            "max": 4.271,
            "p(90)": 0.008,
            "p(95)": 0.01
        },
        "iteration_duration": {
            "p(95)": 1558.9678221999998,
            "avg": 1402.4294101752282,
            "min": 1031.724838,
            "med": 1107.5163659999998,
            "max": 19113.097608,
            "p(90)": 1411.4174427
        },
        "http_reqs": {
            "count": 10512,
            "rate": 61.55891054220704
        }
    }
}