{
    "root_group": {
        "path": "",
        "id": "d41d8cd98f00b204e9800998ecf8427e",
        "groups": {},
        "checks": {
                "orders list: status 200": {
                    "path": "::orders list: status 200",
                    "id": "1da54776ef9d51afc1cba9f23b6b2add",
                    "passes": 1678,
                    "fails": 2756,
                    "name": "orders list: status 200"
                },
                "order detail: status 200": {
                    "id": "9bd0da17153c0c983f83d5b1f08ff79a",
                    "passes": 1676,
                    "fails": 2,
                    "name": "order detail: status 200",
                    "path": "::order detail: status 200"
                },
                "user info: status 200": {
                    "name": "user info: status 200",
                    "path": "::user info: status 200",
                    "id": "800de1b5608db6b35f5fe8940dca63d6",
                    "passes": 1675,
                    "fails": 2759
                },
                "order detail: skipped (no orders)": {
                    "fails": 0,
                    "name": "order detail: skipped (no orders)",
                    "path": "::order detail: skipped (no orders)",
                    "id": "2a9e2577309b4e2a29cba29818d35930",
                    "passes": 2756
                }
            },
        "name": ""
    },
    "metrics": {
        "http_req_waiting": {
            "avg": 42.19042812440719,
            "min": 4.425,
            "med": 20.887,
            "max": 791.432,
            "p(90)": 112.99199999999999,
            "p(95)": 144.69774999999998
        },
        "iterations": {
            "count": 4434,
            "rate": 25.97263201556727
        },
        "http_req_duration": {
            "avg": 44.35885975725406,
            "min": 4.49,
            "med": 22.5445,
            "max": 792.029,
            "p(90)": 116.851,
            "p(95)": 148.76425
        },
        "http_req_tls_handshaking": {
            "min": 0,
            "med": 0,
            "max": 0,
            "p(90)": 0,
            "p(95)": 0,
            "avg": 0
        },
        "checks": {
            "fails": 5517,
            "passes": 7785,
            "value": 0.5852503382949933
        },
        "http_req_sending": {
            "med": 0.016,
            "max": 1.79,
            "p(90)": 0.027,
            "p(95)": 0.033,
            "avg": 0.01890394462355324,
            "min": 0.006
        },
        "http_req_failed": {
            "fails": 5029,
            "passes": 5517,
            "value": 0.5231367343068462
        },
        "data_sent": {
            "count": 4359932,
            "rate": 25538.770737234154
        },
        "vus_max": {
            "max": 50,
            "value": 50,
            "min": 50
        },
        "iteration_duration": {
            "p(95)": 1273.25001015,
            "avg": 1107.3269210117276,
            "min": 1010.092021,
            "med": 1072.2248505,
            "max": 1820.998516,
            "p(90)": 1249.0441815000001
        },
        "http_req_duration{expected_response:true}": {
            "med": 20.762,
            "max": 792.029,
            "p(90)": 62.56399999999999,
            "p(95)": 82.27219999999977,
            "avg": 29.935070988268066,
            "min": 6.714
        },
        "http_req_connecting": {
            "avg": 0.0011642328845059737,
            "min": 0,
            "med": 0,
            "max": 0.619,
            "p(90)": 0,
            "p(95)": 0
        },
        "http_req_blocked": {
            "p(95)": 0.009,
            "avg": 0.006925090081547611,
            "min": 0.002,
            "med": 0.005,
            "max": 1.199,
            "p(90)": 0.007
        },
        "http_reqs": {
            "count": 10546,
            "rate": 61.77432955258738
        },
        "http_req_receiving": {
            "avg": 2.149527688223036,
            "min": 0.03,
            "med": 0.5774999999999999,
            "max": 98.013,
            "p(90)": 4.933999999999999,
            "p(95)": 7.55325
        },
        "vus": {
            "min": 1,
            "max": 49,
            "value": 4
        },
        "data_received": {
            "count": 311500321,
            "rate": 1824646.6418728195
        }
    }
}